<?xml version="1.0" encoding="UTF-8"?>
<application>
    <application_id></application_id>
    <application_name>Application 1</application_name>
    <application_description></application_description>
    <firmware_list/>
    <drive>
        <drive_id>3</drive_id>
        <drive_name>CPP-A24V80A-SA-USB</drive_name>
        <drive_firmware>0.3.x</drive_firmware>
        <parameter_list>
            <parameter>
                <name>PWM_Frequency_KHz</name>
                <value>0</value>
                <unit>Hz</unit>
            </parameter>
            <parameter>
                <name>Time_Control_Error_mS_Position</name>
                <value>0</value>
                <unit>S</unit>
            </parameter>
            <parameter>
                <name>Speed_Analog_In_Deadband_Enable</name>
                <value>0</value>
            </parameter>
            <parameter>
                <name>Encoder_Enabled</name>
                <value>1</value>
            </parameter>
            <parameter>
                <name>Shunt_Off_Voltage</name>
                <value>82</value>
                <unit>V</unit>
            </parameter>
            <parameter>
                <name>Current_Peak_Time_mS</name>
                <value>2</value>
                <unit>S</unit>
            </parameter>
            <parameter>
                <name>Runtime_Options_reversed</name>
                <value>0</value>
            </parameter>
            <parameter>
                <name>I2T_Current_Limit_Group</name>
                <value>0</value>
            </parameter>
            <parameter>
                <name>Position_Speed_Kd</name>
                <value>0.001</value>
                <unit>RPM/Degree/S/S</unit>
            </parameter>
            <parameter>
                <name>Control_Error_Position</name>
                <value>0</value>
            </parameter>
            <parameter>
                <name>Speed_Integral_Limit</name>
                <value>60</value>
                <unit>A</unit>
            </parameter>
            <parameter>
                <name>Error_Max_Speed</name>
                <value>3000</value>
                <unit>RPM</unit>
            </parameter>
            <parameter>
                <name>Encoder_Options_cont_sync</name>
                <value>0</value>
            </parameter>
            <parameter>
                <name>Position_Kd_Filt</name>
                <value>0</value>
                <unit>%</unit>
            </parameter>
            <parameter>
                <name>Rated_Current_Continuous</name>
                <value>24</value>
                <unit>A</unit>
            </parameter>
            <parameter>
                <name>Fault_Enable_Mask_undervolt</name>
                <value>1</value>
            </parameter>
            <parameter>
                <name>Hardware_Version</name>
                <value>0</value>
            </parameter>
            <parameter>
                <name>Analog_Out_Scale</name>
                <value>0</value>
            </parameter>
            <parameter>
                <name>Rated_Current_Time_ms</name>
                <value>2</value>
                <unit>S</unit>
            </parameter>
            <parameter>
                <name>Position_Speed_Kd_Filt</name>
                <value>0</value>
                <unit>%</unit>
            </parameter>
            <parameter>
                <name>Fault_Enable_Mask_enc_err</name>
                <value>0</value>
            </parameter>
            <parameter>
                <name>Fault_Enable_Mask_sw_err</name>
                <value>1</value>
            </parameter>
            <parameter>
                <name>Serial_Number</name>
                <value>0</value>
            </parameter>
            <parameter>
                <name>Error_Detection_Group</name>
                <value>0</value>
            </parameter>
            <parameter>
                <name>Fault_Enable_Mask_hall_err</name>
                <value>1</value>
            </parameter>
            <parameter>
                <name>Speed_Filter_Freq</name>
                <value>500</value>
                <unit>Hz</unit>
            </parameter>
            <parameter>
                <name>Position_Speed_Derivative_Limit</name>
                <value>1000</value>
                <unit>RPM</unit>
            </parameter>
            <parameter>
                <name>Speed_Analog_In_Output_High</name>
                <value>1000</value>
                <unit>RPM</unit>
            </parameter>
            <parameter>
                <name>Control_Interface</name>
                <value>0</value>
            </parameter>
            <parameter>
                <name>Range_Group_Speed</name>
                <value>0</value>
            </parameter>
            <parameter>
                <name>Rated_Drive_Temperature_Max</name>
                <value>100</value>
                <unit>C</unit>
            </parameter>
            <parameter>
                <name>Encoder_Options_reversed</name>
                <value>0</value>
            </parameter>
            <parameter>
                <name>Speed_Ki</name>
                <value>0.02</value>
                <unit>A/RPM/S</unit>
            </parameter>
            <parameter>
                <name>Brake_Resistor_Group</name>
                <value>0</value>
            </parameter>
            <parameter>
                <name>Current_Analog_In_Deadband_Hysteresis</name>
                <value>0</value>
                <unit>V</unit>
            </parameter>
            <parameter>
                <name>Fault_Enable_Mask_shunt_overpower</name>
                <value>1</value>
            </parameter>
            <parameter>
                <name>Max_Bus_Voltage</name>
                <value>90</value>
                <unit>V</unit>
            </parameter>
            <parameter>
                <name>Fault_Enable_Mask_motor_overtemp</name>
                <value>0</value>
            </parameter>
            <parameter>
                <name>Speed_Analog_In_Deadband_Position</name>
                <value>0</value>
                <unit>RPM</unit>
            </parameter>
            <parameter>
                <name>Speed_Control_Group</name>
                <value>0</value>
            </parameter>
            <parameter>
                <name>Position_Kd</name>
                <value>0.001</value>
                <unit>A/Degree/S/S</unit>
            </parameter>
            <parameter>
                <name>Fault_Enable_Mask_phase_overcurr</name>
                <value>1</value>
            </parameter>
            <parameter>
                <name>Current_Analog_In_Input_Low</name>
                <value>-10</value>
                <unit>V</unit>
            </parameter>
            <parameter>
                <name>Hi_Lo_Limit_Enabled_high_low_control</name>
                <value>0</value>
            </parameter>
            <parameter>
                <name>Fault_Enable_Mask_drive_overtemp</name>
                <value>1</value>
            </parameter>
            <parameter>
                <name>Current_Analog_In_Deadband_Enable</name>
                <value>0</value>
            </parameter>
            <parameter>
                <name>Drive_Mode_Group</name>
                <value>0</value>
            </parameter>
            <parameter>
                <name>Fault_Enable_Mask_ctrl_err</name>
                <value>0</value>
            </parameter>
            <parameter>
                <name>Position_Integrator_Limit</name>
                <value>60</value>
                <unit>A</unit>
            </parameter>
            <parameter>
                <name>Speed_Output_Limit</name>
                <value>60</value>
                <unit>A</unit>
            </parameter>
            <parameter>
                <name>Current_Integral_Limit</name>
                <value>80</value>
                <unit>V</unit>
            </parameter>
            <parameter>
                <name>Encoder_Lines</name>
                <value>2048</value>
            </parameter>
            <parameter>
                <name>Position_With_Speed_Control_Group</name>
                <value>0</value>
            </parameter>
            <parameter>
                <name>Hall_Sensors_Group</name>
                <value>0</value>
            </parameter>
            <parameter>
                <name>Feedback_Enhancement_Group</name>
                <value>0</value>
            </parameter>
            <parameter>
                <name>Position_Kp</name>
                <value>0.1</value>
                <unit>A/Degree</unit>
            </parameter>
            <parameter>
                <name>Motor_Pole_Pairs</name>
                <value>7</value>
            </parameter>
            <parameter>
                <name>Min_Bus_Voltage</name>
                <value>10.5</value>
                <unit>V</unit>
            </parameter>
            <parameter>
                <name>Position_Ki</name>
                <value>0.1</value>
                <unit>A/Degree/S</unit>
            </parameter>
            <parameter>
                <name>Speed_Analog_In_Input_High</name>
                <value>10</value>
                <unit>V</unit>
            </parameter>
            <parameter>
                <name>Max_Control_Error_Speed</name>
                <value>0</value>
                <unit>RPM</unit>
            </parameter>
            <parameter>
                <name>Position_Output_Limit</name>
                <value>60</value>
                <unit>A</unit>
            </parameter>
            <parameter>
                <name>Time_Control_Error_mS_Speed</name>
                <value>0</value>
                <unit>S</unit>
            </parameter>
            <parameter>
                <name>Commutation_Waveform_Type</name>
                <value>0</value>
            </parameter>
            <parameter>
                <name>Fault_Enable_Mask_enc_index_err</name>
                <value>0</value>
            </parameter>
            <parameter>
                <name>Fault_Enable_Mask_config_err</name>
                <value>1</value>
            </parameter>
            <parameter>
                <name>Speed_Ramp_Step</name>
                <value>0</value>
                <unit>RPM/S</unit>
            </parameter>
            <parameter>
                <name>Position_Derivative_Limit</name>
                <value>60</value>
                <unit>A</unit>
            </parameter>
            <parameter>
                <name>Analog_Out_Selection</name>
                <value>0</value>
            </parameter>
            <parameter>
                <name>Position_Speed_Ki</name>
                <value>2.5</value>
                <unit>RPM/Degree/S</unit>
            </parameter>
            <parameter>
                <name>Current_Output_Limit</name>
                <value>80</value>
                <unit>V</unit>
            </parameter>
            <parameter>
                <name>Current_Peak_Limit</name>
                <value>32.3099</value>
                <unit>A</unit>
            </parameter>
            <parameter>
                <name>Vbus_100V_ADC_Counts</name>
                <value>4000</value>
            </parameter>
            <parameter>
                <name>Shunt_On_Voltage</name>
                <value>84</value>
                <unit>V</unit>
            </parameter>
            <parameter>
                <name>Speed_Kp</name>
                <value>0.002</value>
                <unit>A/RPM</unit>
            </parameter>
            <parameter>
                <name>Speed_Analog_In_Output_Low</name>
                <value>-1000</value>
                <unit>RPM</unit>
            </parameter>
            <parameter>
                <name>Position_Speed_Integrator_Limit</name>
                <value>1000</value>
                <unit>RPM</unit>
            </parameter>
            <parameter>
                <name>Current_Analog_In_Input_High</name>
                <value>10</value>
                <unit>V</unit>
            </parameter>
            <parameter>
                <name>Model_Number</name>
                <value>CPP-A24V80A-SA-USB</value>
            </parameter>
            <parameter>
                <name>Position_And_Speed_Loop_Group</name>
                <value>0</value>
            </parameter>
            <parameter>
                <name>Position_Speed_Kp</name>
                <value>5</value>
                <unit>RPM/Degree</unit>
            </parameter>
            <parameter>
                <name>Speed_Loop_Rate</name>
                <value>1000</value>
                <unit>Hz</unit>
            </parameter>
            <parameter>
                <name>Current_Analog_In_Output_Low</name>
                <value>-24</value>
                <unit>A</unit>
            </parameter>
            <parameter>
                <name>Speed_Analog_In_Deadband_Width</name>
                <value>0</value>
                <unit>V</unit>
            </parameter>
            <parameter>
                <name>Position_Control_Group</name>
                <value>0</value>
            </parameter>
            <parameter>
                <name>Speed_Filter_Enabled</name>
                <value>0</value>
            </parameter>
            <parameter>
                <name>Current_Continuous_Limit</name>
                <value>11.8493</value>
                <unit>A</unit>
            </parameter>
            <parameter>
                <name>Control_Interface_Group</name>
                <value>0</value>
            </parameter>
            <parameter>
                <name>Position_Speed_Output_Limit</name>
                <value>1000</value>
                <unit>RPM</unit>
            </parameter>
            <parameter>
                <name>Fault_Enable_Mask_overspd</name>
                <value>0</value>
            </parameter>
            <parameter>
                <name>Drive_Mode</name>
                <value>2</value>
            </parameter>
            <parameter>
                <name>Range_Group_Current</name>
                <value>0</value>
            </parameter>
            <parameter>
                <name>Current_Analog_In_Deadband_Width</name>
                <value>0</value>
                <unit>V</unit>
            </parameter>
            <parameter>
                <name>Speed_Analog_In_Input_Low</name>
                <value>-10</value>
                <unit>V</unit>
            </parameter>
            <parameter>
                <name>Current_Analog_In_Deadband_Position</name>
                <value>0</value>
                <unit>A</unit>
            </parameter>
            <parameter>
                <name>Current_Ramp</name>
                <value>0</value>
                <unit>A/S</unit>
            </parameter>
            <parameter>
                <name>Runtime_Options_quadrant</name>
                <value>0</value>
            </parameter>
            <parameter>
                <name>Current_Kp</name>
                <value>2</value>
                <unit>V/A</unit>
            </parameter>
            <parameter>
                <name>Desired_steps_per_rev</name>
                <value>200</value>
            </parameter>
            <parameter>
                <name>Hall_Options_hall_config</name>
                <value>0</value>
            </parameter>
            <parameter>
                <name>Hall_Options_hall_comp</name>
                <value>0</value>
            </parameter>
            <parameter>
                <name>Rated_Current_Max</name>
                <value>71.4</value>
                <unit>A</unit>
            </parameter>
            <parameter>
                <name>Current_Ki</name>
                <value>200</value>
                <unit>V/A/S</unit>
            </parameter>
            <parameter>
                <name>Fault_Enable_Mask_hw_err</name>
                <value>1</value>
            </parameter>
            <parameter>
                <name>Fault_Enable_Mask_overvolt</name>
                <value>1</value>
            </parameter>
            <parameter>
                <name>Encoder_Options_index</name>
                <value>0</value>
            </parameter>
            <parameter>
                <name>Rated_Current_Peak</name>
                <value>60</value>
                <unit>A</unit>
            </parameter>
            <parameter>
                <name>Encoder_Options_diff</name>
                <value>1</value>
            </parameter>
            <parameter>
                <name>Current_Analog_In_Output_High</name>
                <value>24</value>
                <unit>A</unit>
            </parameter>
            <parameter>
                <name>Fault_Enable_Mask_reset</name>
                <value>0</value>
            </parameter>
            <parameter>
                <name>Commutation_Group</name>
                <value>0</value>
            </parameter>
            <parameter>
                <name>Current_Control_Group</name>
                <value>0</value>
            </parameter>
            <parameter>
                <name>Speed_Analog_In_Deadband_Hysteresis</name>
                <value>0</value>
                <unit>V</unit>
            </parameter>
        </parameter_list>
    </drive>
    <motor>
        <motor_group_id>1</motor_group_id>
        <motor_name>MPW52-600V24-xxxx-S009</motor_name>
        <parameter_list/>
    </motor>
    <aux>
        <auto_read_write>1</auto_read_write>
        <parameter_list/>
    </aux>
</application>
